{
  "project_info": {
    "project_number": "1032311177893",
    "project_id": "pnacional-53267",
    "storage_bucket": "pnacional-53267.appspot.com"
  },
  "client": [
    {
      "client_info": {
        "mobilesdk_app_id": "1:1032311177893:android:8b06614b012dde9b44c34c",
        "android_client_info": {
          "package_name": "com.pnacional"
        }
      },
      "oauth_client": [],
      "api_key": [
        {
          "current_key": "AIzaSyDYKPfbbtw3wsxNgdZTeoxehKaIFRuMmnI"
        }
      ],
      "services": {
        "appinvite_service": {
          "other_platform_oauth_client": []
        }
      }
    }
  ],
  "configuration_version": "1"
}